,precision,recall,f1-score,support
reading_understanding,0.9998014691284495,0.9998014691284495,0.9998014691284495,5037.0
steady_work,0.9665384615384616,0.9824081313526193,0.9744086855370299,2558.0
deep_output,0.9840540152276972,0.9585782255807445,0.971149074927341,7146.0
overheat_debugging,0.9823281452658884,0.9366208069253362,0.9589301258210018,12938.0
closing,0.6224755700325733,0.8219354838709677,0.708433734939759,2325.0
accuracy,0.9474736701773097,0.9474736701773097,0.9474736701773097,0.9474736701773097
macro avg,0.911039532238614,0.9398688233716234,0.9225446180707161,30004.0
weighted avg,0.9564415618320324,0.9474736701773097,0.9506104222317544,30004.0
